{"cameraMode":{"drawMode":0,"name":"Shaded","section":"Shading Mode"},"sceneLighting":false,"audioPlay":false,"sceneViewState":{"showFog":true,"showMaterialUpdate":false,"showSkybox":true,"showFlares":true,"showImageEffects":true,"showParticleSystems":true},"in2DMode":false,"pivot":{"x":-7.9849090576171879,"y":-0.49474143981933596,"z":-78.1766128540039},"rotation":{"x":0.27790430188179018,"y":-0.5059809684753418,"z":0.17636848986148835,"w":0.7972750663757324},"size":37.90045928955078,"orthographic":false}