{"cameraMode":{"drawMode":0,"name":"Shaded","section":"Shading Mode"},"sceneLighting":false,"audioPlay":false,"sceneViewState":{"showFog":true,"showMaterialUpdate":false,"showSkybox":true,"showFlares":true,"showImageEffects":true,"showParticleSystems":true},"in2DMode":false,"pivot":{"x":-1.5143508911132813,"y":1.3039789199829102,"z":0.7039639949798584},"rotation":{"x":0.22747816145420075,"y":-0.6996575593948364,"z":0.2533227503299713,"w":0.6282155513763428},"size":13.538561820983887,"orthographic":false}